Title,Link,Article Text,Sentiment,Aggressiveness,Language
Açık büfedeki sorun büyüyor: Merak israfı artırıyor,https://www.ensonhaber.com/ekonomi/aci-bufedeki-sorun-buyuyor-merak-israfi-artiriyor,"HaberlerEkonomiAçık büfedeki sorun büyüyor: Merak israfı artırıyorAçık büfedeki sorun büyüyor: Merak israfı artırıyorTurizmde konaklanan oteldeki açık büfelerde yemeklerin tabaklara alındığı halde tüketilmemesi önemli bir sorun olarak tartışılmaya devam ediliyor. Uzmanlar, israfın boyutlarını ve altta yatan nedenlerini sıraladı.Giriş:09.08.2024 - 17:54Abone OlBu videoyu izlemek için lütfen JavaScript'i etkinleştirinİHASon yıllarda, açık büfe ve her şey dahil otellerde yaşanan gıda israfı konusunda ciddi bir artış gözlemleniyor.Açık büfe sistemlerinde, misafirlere geniş bir yiyecek yelpazesi sunulması, genellikle çok sayıda yiyeceğin hazırlanıp, ancak tüketilmeden çöpe gitmesine neden oluyor.Aynı şekilde, her şey dahil konsepti kapsamında sunulan sınırsızyemekve içecek hizmetleri, bazı misafirlerin aşırıya kaçan tüketim alışkanlıklarına neden oluyor ve bu da yüksek oranlarda gıda israfına yol açıyor.""HER ŞEY DAHİL KONSEPTİNİN ZARARI""Sivas Cumhuriyet Üniversitesi Gastronomi Mutfak Sanatları Bölümü Öğretim Üyesi Doç. Dr. Emre Hastaoğlu, otellerde misafirlerin ve personelin bilinçlendirilmesini vurgulayarak,“Her şey dâhil otel paketlerinde tabaktan dönen yiyecek miktarı yüzde 65. Bu çok ciddi bir oran. Misafirlerin eğitim düzeyleri arttıkça gıda israfı bilinci de artıyor. Bu manada gelen konukların ve işletmede bulunan personellere bilinç kazandırılmalı.”dedi.""HER ŞEY DAHİL OTEL PAKETLERİNDE TABAKTAN DÖNEN YİYECEK MİKTARI YÜZDE 65""Yapılan çalışmada her şey dahil otel paketlerinde tabaktan dönen yiyecek miktarının yüzde 65 olduğuna değinen Hastaoğlu, yaşananları şöyle aktardı:Ülkemizde, hem açık büfe servis tekniği hem de her şey ultra dahil otel paketli yaklaşık 90’lı yılların başında başlayıp, son yıllarda da ilgi arttıkça da hemen hemen her otelde uygulanır hale geldi. Her ne kadar açık büfe kahvaltı veya yemek servisi ya da her şey dâhil yemek paket servisleri çok cazip görünse de tüketici para verdiği için verdiği paranın karşılığı da yiyecekler sınırlı olmadığı için tüketici kendinde sınırsız tüketim hakkı ve yetkisi olduğu düşüncesine kapılıyor. Bu bilinç düzeyiyle alakalı bir şey.""EĞİTİM DÜZEYİ İLE ALAKALI""Yaptığımız çalışmalarda yaklaşık 16 otel zinciriyle görüştük. Fark ettik ki misafirlerin eğitim düzeyleri arttıkça gıda israfı bilinci de artıyor. Özellikle yabancı turistlerin yerli turistlere oranına baktığımızda daha bilinçli olduğu ortaya çıktı. Yine yapılan çalışmalara baktığımızda her şey dâhil otel paketlerinde tabaktan dönen yiyecek miktarı yüzde 65. Bu çok ciddi bir oran.Genel olarak bizim HORECA sektörü olarak ifade ettiğimiz işletmelerde benzer sorunlar görülüyor. Ancak genellikle büfeden geri dönene yiyecek yüzde 5'i oluşturmakta. Bizim asıl sorunumuz tabaktan dönen gıda israfını azaltmak.""EN ÇOK DENİZ ÜRÜNLERİ TABAKTAN DÖNÜYOR""İsrafı önlemek adına misafirlerin bilinçlendirilmesini gerektiğini vurgulayan Hastaoğlu, şu değerlendirmede bulundu:Tabaktan dönen yiyecek miktarlarını karşılaştırdığımızda en yüksek oran yüzde 26’lık oranda deniz ürünleri yer almakta. Daha sonra bunu süt ve et ürünleri takip ediyor.""İNSANLAR MERAK ETTİKLERİ ÜRÜNLERİ TABAKLARINA ALIYOR""İnsanlar evlerinde tüketmedikleri veya az denk geldikleri yiyecekleri merak ederek tabaklarına alıyorlar ve damak tatlarına uyuşturamadıkları için israf edebiliyorlar. Bu israfı önlemek adına misafirleri bilinçlendirmek ve personellerin eğitimleri çok önemli. Oteller için öneri olarak, müşteri demografisine göre menülerin hazırlanmasına dikkat edilmeli.Haber Kaynağı: İhlas Haber Ajansı (İHA)EtiketleryemekTurizm",negative,5,Turkish
"Yüksekova karpuzu, Diyarbakır karpuzuna rakip oldu",https://www.ensonhaber.com/ekonomi/yuksekova-karpuzu-diyarbakir-karpuzuna-rakip-oldu,"HaberlerEkonomiYüksekova karpuzu, Diyarbakır karpuzuna rakip olduYüksekova karpuzu, Diyarbakır karpuzuna rakip olduKarpuz deyince ilk akla gelen ""Diyarbakır Karpuzu"" iken, Hakkari'nin Yüksekova ilçesindeki üreticiler, piyasada ""Biz de varız"" diyor.Giriş:09.08.2024 - 17:33Abone OlBu videoyu izlemek için lütfen JavaScript'i etkinleştirinİHAHakkari’ninYüksekovailçesinde yaşayan Şerafettin Ertuğrul, 12 bin metrekarelik alan üzerinde ektiği karpuzlarla, kendisine Diyarbakırlı üreticileri rakip aldı.Yüksekova-Şemdinli kara yolu üzerinde bulunan Demirkonak köyünde üretim yapan Ertuğrul,  bahçesine tohum ekerekDiyarbakırkarpuzunu aratmayacak şekilde karpuz yetiştirdi.İLÇE TARIM MÜDÜRÜ, KARPUZA TAM PUAN VERDİKarpuz tarlasında inceleme yapan Yüksekova İlçe Tarım ve Orman Müdürü Mehmet Emin Yiğit, karpuzların güzel şekilde yetiştiğini ve iyi verim alınacağını belirtti.""KARPUZ EKTİĞİMİZ ALANI ARTIRDIK""Bu sene 12 dönüm üzerine karpuz ekimi yaptığını belirten Şerafettin Ertuğrul isimli çiftçi, faaliyetlerini şöyle anlattı:Her sene aslında ekimini yapıyoruz ama bu sene 12 dönüm olacak şeklinde karpuz fidelerini ektik. Şimdi de artık sezon sonuna gelmesiyle karpuzlarımız yetişiyor.""YAĞIŞLAR BEREKET GETİRDİ""Bu sene bereketli geçiyor. Çünkü yağışlar fazla olmuştu ve güzel de oldu. Yüksekova Tarım ve Orman Müdürümüz, ekibiyle bizleri ziyaret etti. İncelemeler yaptılar. İnşallah emeklerimizin karşılığını alacağız.Haber Kaynağı: İhlas Haber Ajansı (İHA)EtiketlerDiyarbakırHakkariyüksekovatarım",positive,5,Turkish
Avrupa’nın en yoğunu: İstanbul Havalimanı,https://www.ensonhaber.com/ekonomi/avrupanin-en-yogunu-istanbul-havalimani,"HaberlerEkonomiAvrupa’nın en yoğunu: İstanbul HavalimanıAvrupa’nın en yoğunu: İstanbul Havalimanıİstanbul Havalimanı, günlük uçuş sayısı, yolcu sayısı ve kaliteli hizmet konusunda iddiasını korumaya, listelerde ön sıralarda yer almaya devam ediyor.Giriş:09.08.2024 - 17:18Abone OlDHAAvrupaHava Seyrüsefer Güvenliği Teşkilatı (EUROCONTROL), haftalık Avrupa Havacılık Raporu'nu yayınlandı.EUROCONTROL, 29 Temmuz-4 Ağustos döneminde günlük uçuş sayısı ile öne çıkan havalimanının, İstanbul Havalimanı olduğunu açıkladı.29 Temmuz-4 Ağustos 2024 dönemi ile ilgili verilen bilgilere göre İstanbul Havalimanı, günlük ortalama 1.502 uçuşla Avrupa’nın en yoğun havalimanı oldu.OLİMPİYATLARIN DÜZENLENDİĞİ FRANSA'YI GEÇTİİstanbul Havalimanı'nı sırasıyla, günlük ortalama 1.436 uçuşla olimpiyatların düzenlendiği Fransa’nın başkenti Paris’te bulunan Paris Charles de Gaulle Havalimanı ve 1.427 uçuşla Amsterdam Schiphol Havalimanı izledi.İstanbul Havalimanı'nın Ocak 2024 verilerine göre, hizmete girmesinin ardından geçen beş yıllık süreçte, toplamda 250 milyondan fazla yolcuyu ağırladığı biliniyor.Haber Kaynağı: Demirören Haber Ajansı (DHA)EtiketleruçakAvrupalisteyolcuİstanbul Havalimanı",positive,5,Turkish
Batı Afrika'nın ilk altın rafinerisi Gana'da açıldı,https://www.ensonhaber.com/ekonomi/gana-icin-yeni-bir-donem-basladi-bati-afrikanin-ilk-altin-rafinerisi-acildi,"HaberlerEkonomiGana için yeni bir dönem başladı! Batı Afrika'nın ilk altın rafinerisi açıldıGana için yeni bir dönem başladı! Batı Afrika'nın ilk altın rafinerisi açıldıAfrika kıtasının altın zengini Gana'da, Batı Afrika'nın ilk altın rafinerisi hizmete girdi. Hükümet, bu tesisin altın kaçakçılığının önüne geçeceği için gelirleri artırıcı bir girişim olduğunu belirtiyor.Giriş:09.08.2024 - 16:51Abone OlAABatı Afrika'nın ilk altın rafinerisi Gana'da hizmete girdi.Altının ham halinin ülkenin gelirlerini kısıtladığını belirtilen yetkililer, altını rafine etmekten dolayı kazançlarını artıracaklarını belirtti.Açılışa Gana Cumhurbaşkanı Yardımcısı Mahamudu Bawumia ve Maliye Bakanı Mohammed Amin Adam katıldı.GANA İÇİN YENİ BİR DÖNEMCumhurbaşkanı YardımcısıBawumia, rafinerinin altın kaçakçılığını kontrol altına almaya yardımcı olacağını ve değerli metalden elde edilen ulusal geliri artırmaya yardımcı olacak ""yeni bir döneme"" işaret ettiğini söyledi.Rafine etme becerisi sayesinde altını uygun fiyata satabileceklerini kaydeden Bawumia, elde edilecek gelirin ülke sınırlarında tutulabileceğini ifade etti.GENÇLER İÇİN İSTİHDAMBawumia, rafineri sayesinde gençler için istihdam oluşturulacağına dikkati çekti.MADEN İHRACATININ YÜZDE 96'SI ALTINMaliye Bakanı Adam da Gana'nınmadenihracatının yaklaşık yüzde 96'sını altının oluşturduğunu söyledi.""EKONOMİK DÖNÜŞÜM İÇİN BİRÇOK KAPI AÇACAK""Altının ham halinin ülkenin gelir potansiyelini sınırladığına dikkati çeken Adam,""Yeni rafineri, yerel ekonomi üzerinde katlanarak artan bir etkiye sahip olacak işler yaratarak ekonomik dönüşüm için birçok kapı açacak.""dedi.GANA'NIN KONUMU İÇİN ÖNEMLİ ADIMBatı Afrika'nın ilk altın rafinerisi sayesinde Gana,Afrikakıtasının en büyük altın üreticisi olarak konumunu sağlamlaştıracak.Günde 400 kilogram altın işleme kapasitesine sahip olan""Gana Kraliyet Altın Rafinerisi"", büyük ölçekli madencilerden altın işlemek için lisans almadan önce küçük ölçekli madencilerden işlenmiş altın tedarik edecek.YASA DIŞI MADENLERDE ÇÖKMELER OLUYORTarihte ""Altın Körfezi"" olarak adlandırılan Gana'da ülkede yasa dışı madencilik faaliyetleri hem doğaya zarar veriyor hem de madenlerde meydana gelen göçükler ölüme neden oluyor.Bu nedenle Gana'da yasa dışı maden ocaklarının önlenmesi amacıyla 4 yıl önce Ulusal Yasa Dışı Madencilik Görev Gücü kurulmuştu.Haber Kaynağı: Anadolu Ajansı (AA)EtiketlermadenihracatAfrikagana",positive,5,Turkish
Kilis’te sınırın sıfır noktasında kavurucu sıcağın altında üzüm hasadı,https://www.ensonhaber.com/ekonomi/kiliste-sinirin-sifir-noktasinda-uzum-hasadi-basladi,"HaberlerEkonomiKilis’te sınırın sıfır noktasında kavurucu sıcağın altında üzüm hasadıKilis’te sınırın sıfır noktasında kavurucu sıcağın altında üzüm hasadıKilis'te 160 bin dekar alanda yöreye özgü üzüm hasadı yoğun sıcaklıklara rağmen devam ediyor. Kilo başına üreticiye 16 TL veriliyor ancak çiftçiler 20 TL talep ediyor. Üzümün market satış fiyatı ise 40 TL.Giriş:09.08.2024 - 16:24Abone OlBu videoyu izlemek için lütfen JavaScript'i etkinleştirinDHAKiliskarası olarak bilinen, kentin adıyla da özdeşleşen""Kilis horoz karası""cinsi üzümün hasadına başlandı.Hasatedilen üzümün kilosu tarlada 16 TL’den, marketlerde 40 TL ve üzerinden satılıyor.Kuru üzümün kilosu için ise 200 TL fiyat biçiliyor.Türkiye’de önemli bağcılık bölgelerinden biri olan sınır kenti Kilis’te, horoz karası cinsi üzümün hasadına 42 dereceyi bulan sıcaklıkta başlandı.KURAKLIK VE AFETTEN DOLAYI VERİM AZALDIÜzüm üreticilerinin bir kısmı fiyatların düşük olması nedeniyle üzümlerini kurutmalık olarak değerlendirmek isterken Musabeyli ilçesi ve köylerinde daha fazla yetiştirilen üzümde, kuraklık ve afetlerden dolayı rekoltenin düşük olduğu bildirildi.DÜŞÜK REKOLTE, FİYAT BEKLENTİSİNİ ARTIRDISuriye’ye sınır kent olan Kilis’te 42 derece kavurucu sıcağın altında hasadın başladığını söyleyen Kilis Ziraat Mühendisleri Odası Başkanı Güven Özdemir, iklim şartlarından dolayı düşük rekolte olan üzümde fiyatların yükselebileceğini dikkat çekerek şöyle konuştu:Suriye’ye sınır kent olan Kilis’te 160 bin dekar alanda üzüm üretimi yapmaktayız. Bu yıl Türkiye genelinde olduğu gibi Kilis’te de rekolte çok düşük, fiyat beklentimiz yüksek. Geçen yıl üzüm üreticileri zarar etti. Çiftçiler bu yıl en kötü hasatları yaptı ve tüm ürünlerde zarar etti. Bu bölgede yetiştirilen patlıcan, domates, biber, soğan ve fıstık olmak üzere zarar ederek çalışmalarına devam diyor.KURUTULMUŞ ÜZÜMÜN KİLOSU 200 TLHasadı yapılan üzüm tarlada 16 TL’den, marketlerde 40 TL ve üzerine alıcı bulurken kurutulmuş üzümde beklediğimiz fiyat ise 200 TL.""ÜZÜM ÜRETİCİLERİ OLARAK BEKLENTİMİZ 20 TL""Günün ilk ışıklarıyla birlikte tarım işçileriyle tarlaların yolunu tutarak 42 derece sıcaklıkta üzüm hasadı yaptıklarını söyleyen üretici Mustafa Aytekin, faaliyetlerini şu sözlerle dile getirdi:Sabah erken kalkarak tarlaların yolunu tutuyoruz ve 42 derece sıcaklıkta çalışarak emeğimizin karşılığını alamıyoruz. Bu yıl hasadı yapılan üzümde açıklanan fiyat 16 TL ve bizim masrafımızı dahi karşılamıyor. Üzüm üreticileri olarak beklentimiz 20 TL ve üzüm fiyatlarının çok düşük olması bizim için büyük sıkıntı. Hasat yeni başladı. Fiyatlar yükselmez.Haber Kaynağı: Demirören Haber Ajansı (DHA)EtiketlerTürkiyeKilisHasat",negative,5,Turkish
İpotekli konut alımları tarihin en düşük seviyesinde,https://www.ensonhaber.com/ekonomi/yariyil-konut-raporu-yayinlandi-ipotekli-konut-alimlari-tarihin-en-dusuk-seviyesinde,"HaberlerEkonomiYarıyıl konut raporu yayınlandı: İpotekli konut alımları tarihin en düşük seviyesindeYarıyıl konut raporu yayınlandı: İpotekli konut alımları tarihin en düşük seviyesindeTSKB Gayrimenkul Değerleme'nin yayınladığı rapor, 2024 yılının ilk 6 ayında sektörün hareketlerini gözler önüne seriyor.Giriş:09.08.2024 - 15:46Abone OlAAKonut sektöründeki hareketler,TÜİKve TCMB verilerinin dışında farklı kurumların da analizleri ile takip ediliyor.TürkiyeSınai Kalkınma Bankası (TSKB), Gayrimenkul Değerleme ""2024 Bir Bakışta Konut Piyasası""raporunun sonuçlarını paylaştı.Rapora göre, 2024'ün ilk yarısında ipotekli konut alımlarının tarihin en düşük seviyesine indi.YILIN İLK YARISINDA KONUT PİYASASINDA DURAĞANLIK YAŞANDIRaporda, 2024'ün ilk altı ayında konut satışlarının durağan bir seyir izlediği, ipotekli alımların ise yüzde 9 gerileyerek tarihi bir düşüş kaydettiği vurgulandı.İlk altı ayda nakit ve senetli satışlar güçlü bir şekilde devam ederken, konutun toplam satışlar içindeki payı yüzde 45'e yükseldi.Tapuda gerçekleştirilen işlemler ise geçen yıla göre yüzde 10 azaldı.YABANCILARA YAPILAN KONUT SATIŞLARI GERİLEDİKonut fiyat endeksi, aylık bazda enflasyonun altında kalma eğilimini sürdürdü. Yabancılara yapılan satışlar da yüzde 1,9'a gerileyerek 2018 öncesi seviyelere döndü. 2023'te yüzde 23 olan Antalya'da yabancı satışlarının payı, 2024'te yüzde 12'ye düştü.YAPI RUHSATLARI ARTIŞ GÖSTERDİYapı ruhsatları artış gösterirken, iskan belgeleri bu trendin gerisinde kaldı.İnşaat maliyet endeksi ise son yüzde 72,78 ile 16 ayın en yüksek artış oranına ulaştı.İşçilik endeksi yıllık yüzde 108,93 artarken, malzeme endeksinde yıllık artış yüzde 58,75 olarak gerçekleşti.YILLIK ARTIŞ ENFLASYONU ALTINDAKonut fiyat endeksindeki aylık bazda enflasyonun altında kalma eğilimi Temmuz 2023'ten beri devam ederken, Şubat 2024'ten itibaren de yıllık artış TÜFE'nin altında kaldı.Reel değişim ise negatif bölgede seyretti.Bu trendin yılın geri kalanında da devam etmesi bekleniyor.Haber Kaynağı: Anadolu Ajansı (AA)EtiketlerTürkiyetapuTÜİKKonutraportcmbgayrimenkul2024",neutral,5,Turkish
'Stokta yok' gerekçesiyle sipariş iptali şikayet edilebilir,https://www.ensonhaber.com/ekonomi/stokta-yok-gerekcesiyle-siparis-iptali-sikayet-edilebilir,"HaberlerEkonomi'Stokta yok' gerekçesiyle sipariş iptali şikayet edilebilir'Stokta yok' gerekçesiyle sipariş iptali şikayet edilebilirİnternet satışlarında beğenerek seçip, parasını yatırdığınız ürünün ""stok yok"" diyerek teslim edilmemesi önemli bir sorun olmaya devam ediyor.Giriş:09.08.2024 - 14:28Abone OlAATürkiye'nin 2023 yılı e-ticaret hacmi, bir önceki yıla göre yüzde 115,15 artarak 1,85 trilyon liraya ulaştı.E-ticaret uygulamaları her geçen gün yaygınlaşıyor ve hacmi sürekli artıyor.Bununla birlikte e-ticarette sorunlar da yaşanıyor.Ticaret Bakanlığı, elektronik ticaret ortamında verilen siparişlerin gerekçesiz olarak iptal edildiğine yönelik şikayetlerin artması üzerine, bu işlemleri yapan firmalara, kanunda öngörülen idari yaptırımların uygulanacağı konusunda uyarıda bulunurken, Reklam Kurulu ise mevzuata uymayan firmalara durdurma ve para cezası uygulandığını duyurdu.Duyuruda, ürün fiyatının geçerlilik süresi veya stok sınırı hakkında bilgi verilmediği için tüketicilerin yanıltıldığına karar verildiği ve bu eylemde bulunan firmalara idari yaptırım uygulandığı bilgilerine yer verildi.""SUNULAN ÜRÜNÜ STOK BİLGİSİNİN VERİLMESİ ZORUNLU""TüketiciKonfederasyonu (TÜKONFED) Başkanvekili İbrahim Güllü, afiş ve internette yer alan reklamlarda satışa sunulan ürünlerin stoklarına ilişkin bilgi verilmesinin zorunlu olduğunu bildiriyor.Eğer ürün,""Stoklarda yok""gerekçesi ile teslim edilmiyorsa o zaman da tüketicinin şikayet etme hakkı doğuyor.""TÜKETİCİLERİN ŞİKAYETİ ARTTI""E -ticaret firmalarının satışa sunduğu ürünlerde stok bilgisine yer vermemesinin bu konudaki tüketici şikayetlerini arttırdığına dikkati çeken Güllü, şunları kaydetti:Tüketici, ürünün siparişi verdiğinde ve ödemesini yaptığında e-ticaret firmaların tarafından 'stokta yok' ya da 'stoklarımız tükenmiştir' şeklinde cevaplarla karşılaşmaktadır. Piyasada istikrarın olmaması yani ürün fiyatlarının sürekli değişiyor olması firmaları bu yola sevk edebilmektedir. Ürünün fiyatının arttığını gören e-ticaret firması ürünü stok yok diyerek satıştan çekiyor ve sonra arttırılmış fiyatıyla tekrar satışa sunuyor.""HER SATIŞ İŞLEMİNDEN SONRA KALAN ÜRÜN MİKTARININ GÜNCELLENMESİ GEREKİR""E-ticaret firmalarının stokları güncel olarak müşterilere sunmak durumunda olduğunu vurgulayan Güllü,""Tüketici ürünü almak istediğinde kalan ürün sayısı örneğin 25 ise sipariş oluşturulduktan sonra kalan ürün sayısının 24 olarak güncellenmiş olması gerekir. Sonradan sisteme giren tüketici son kalan ürün sayısı görebilmelidir.""değerlendirmesinde bulundu.""STOKTA BİTEN ÜRÜNÜN, SATIŞ İLAN SİSTEMİNDEN KALDIRILMIŞ OLMASI GEREKİR""Güllü,""Stokta ürün bittiğinde sistem otomatik olarak ürün siparişine engel koymalı ve o ürün satış ilan sisteminden kaldırılmış olması gerekir. Eğer bir firma stokta olmadığı halde tüketicinin siparişini kabul etmişse artık bu ürünü başka firmalardan da olsa temin ederek tüketiciye teslim etmek zorundadır. 'Stokta yok' ya da 'stoklarımız tükendi' ifadesi geçerli bir mazeret değildir.""değerlendirmelerinde bulundu.ŞİKAYET YAPILABİLECEK NOKTALARTicari Reklam ve Haksız Ticari Uygulamalar Yönetmeliği'ne değinen Güllü, televizyon, afiş ve internet gibi mecralardan yayımlanan reklamlarda, satışa sunulan ürünle ilgili bir stok sınırı varsa stok adedine ilişkin bilginin tüketicilere açıkça verilmesinin zorunlu olduğu bilgisini paylaşarak şöyle konuştu:Bu bilgiye yer verilmemesi mevzuata aykırılık oluşturmaktadır. Tüketicilerimiz böyle bir durumla karşılaşması halinde Ticaret Bakanlığının bünyesindeki Reklam Kuruluna şikayette bulunabilir. Ayrıca tüketiciler ürünün teslimi ya da ödemiş olduğu paranın iadesi ile ilgili e-Devlet üzerinden yada bizzat kaymakamlıklara giderek Tüketici Hakem Heyetine başvuruda bulunabilirler.Haber Kaynağı: Anadolu Ajansı (AA)Etiketlersuçtüketiciticaret bakanlığıe-ticaretinternet",negative,7,Turkish
Türkiye'nin un ihracatı: 7 ayda 777 milyon dolar,https://www.ensonhaber.com/ekonomi/turkiyenin-un-ihracati-7-ayda-777-milyon-dolar,"HaberlerEkonomiTürkiye'nin un ihracatı: 7 ayda 777 milyon dolarTürkiye'nin un ihracatı: 7 ayda 777 milyon dolarIAOM'a göre, son 9 yıldır dünya un ihracat şampiyonu olan Türkiye, dünyanın un tedarik noktasında ilk başvurduğu ülke olma konumunu devam ettirdi.Giriş:09.08.2024 - 12:48Abone OlAAKamuoyunda, iklim krizlerinin gıda ve özellikle de un üretimini olumsuz etkilediği endişesi hakim.Türkiye'de ise buna karşın uzmanlar, un rekoltesinin yeterli olduğunu gördüklerini belirterek, ihracattaki artışın da devam edeceğini savunuyor.Türkiye'nin un ihracatı ocak-temmuz döneminde 2 milyon tona çıkarken, elde edilen gelir 777 milyon dolar olarak gerçekleşti.Uluslararası Un Sanayicileri ve Hububatçılar Birliği (IAOM) Avrasya Başkanlığı'ndan yapılan açıklamaya göre, Türkiye, dünyanın un tedarik noktasında ilk başvurduğu ülke olma konumunu devam ettirdi.9 YILDIR DÜNYA UN İHRACAT ŞAMPİYONUSon 9 yıldır dünya unihracatşampiyonu olan Türkiye, bu sene de dünyanın dört bir noktasına un ihraç etmeyi sürdürdü.UN İHRACAT MİKTARI ARTTI GELİR GERİLEDİBu kapsamda ocak-temmuz döneminde Türkiye'nin un ihracatı miktar olarak yüzde 7 artarak 2 milyon tona çıktı. Un ihracatından elde edilen gelir ise yüzde 6 azalışla 777 milyon dolar oldu.""GEÇEN YILKİ UN İNRACATI REKOR KIRDI""Açıklamada görüşlerine yer verilen IAOM Avrasya Başkanı Eren Günhan Ulusoy, geçen yılı yaklaşık 3,7 milyon ton un ihracatıyla kapattıklarını belirterek bu rakamın rekor olarak kayıtlara geçtiğini bildirerek şöyle konuştu:Bu yıl ise senenin ilk yarısında kazanılan ivme sayesinde yeni bir rekor kırarak 4 milyon ton un ihracatına hazırlanıyorduk. Ancak haziranda ilan edilen ithalat kısıtlaması nedeniyle hedefimizi güncellemek durumunda kaldık. İlk 5 ayda geçen yılın aynı dönemine göre miktarsal olarak yüzde 27 önde giden un ihracatında, kısıtlama sonrası haziranda yüzde 36, temmuzda yüzde 33 düşüş yaşandı.EN ÇOK İHRACAT, IRAK VE SURİYE'YEBu gelişmeler sonrası yıl sonu un ihracat hedeflerini 3,5 milyon ton olarak güncellediklerini kaydeden Ulusoy, en çok ihracatınIrakveSuriyegibi komşu ülkelere yapıldığını, Cibuti ve Venezuela gibi uzak ülkelerin yükselen pazar olarak öne çıktığını anlattı.""20 MİLYON TONLUK BUĞDAY ÜRETİMİ, TÜRKİYE'NİN İHTİYACINI KARŞILAR""Eren Günhan Ulusoy, bu yıl buğdayda 20 milyon ton rekolte beklendiğini belirterek,""Sıcaklıklar tarihi rekorunu kırsa da rekolteye direkt etkisi olmadı. Çünkü hasadın sonuna gelmiştik. Ancak bu noktadan sonraki yağışlar önümüzdeki sezon için toprağın nemlenmesi açısından önemli. 20 milyon tonluk buğday üretimi, Türkiye'nin ihtiyacı olan 20 milyon tonu karşılamak için yeterli.""ifadesini kullandı.Haber Kaynağı: Anadolu Ajansı (AA)EtiketlerSuriyeIrakihracatbuğdayüretim",neutral,5,Turkish
Yurt dışı çıkış harcı 12 Ağustos'tan önce ödenebilir,https://www.ensonhaber.com/ekonomi/yurt-disina-cikacaklar-harc-tutarini-12-agustostan-once-yatirabilecek,"HaberlerEkonomiYurt dışına çıkacaklar, harç tutarını 12 Ağustos'tan önce yatırabilecekYurt dışına çıkacaklar, harç tutarını 12 Ağustos'tan önce yatırabilecekGİB, 12 Ağustos'tan itibaren geçerli olacak 500 liralık yurt dışı çıkış harcının, sınır kapılarında mağduriyet yaşanmaması için bu tarihten önce yatırılmasına imkan sağladı.Giriş:09.08.2024 - 12:43Abone OlAATorba yasada yayınlanan karara göre, 12 Ağustos'tan itibaren (bu tarih dahil) yurt dışına çıkış yapacak vatandaşlarca ödenecek harç tutarı 500 liraya çıkartıldı.Bu tarihte vatandaşlarınsınırkapılarında mağduriyet yaşamamalarıiçin harcın ödenmesinde kolaylık sağlandı.Gelir İdaresi Başkanlığı (GİB), 12 Ağustos'tan itibaren geçerli olacak 500 liralıkyurt dışıçıkış harcının, seyahat tarihi belirtilmek kaydıyla, bu tarihten önce yatırılmasına imkan sağlandığını bildirdi.SINIR KAPILARINDA MAĞDURİYET YAŞANMAMASI İSTENİYORSöz konusu tarihten itibaren yurt dışına çıkacak vatandaşların sınır kapılarında mağduriyet yaşamamaları açısından, harçların 12 Ağustos beklenmeden ödenmesine imkan sağlandığı belirtilen açıklamada, şunlar kaydedildi:Bu çerçevede, 12 Ağustos 2024 tarihi saat 00.00'dan itibaren yapılacak yurt dışına çıkışlar için bu tarihten önce vergi dairelerinden ya da Dijital Vergi Dairesinin dijital.gib.gov.tr adresindeki web uygulaması üzerinden seyahat tarihi belirtilmek suretiyle 500 lira tutarındaki harç ödemesi gerçekleştirilebilecektir.Haber Kaynağı: Anadolu Ajansı (AA)Etiketlersınırödemeyurt dışıharç",neutral,5,Turkish
Türkiye Aile Destek Programı ödemeleri bugün hesaplara yatırılıyor,https://www.ensonhaber.com/ekonomi/turkiye-aile-destek-programi-odemeleri-bugun-hesaplara-yatiriliyor-49508,"HaberlerEkonomiTürkiye Aile Destek Programı ödemeleri bugün hesaplara yatırılıyorTürkiye Aile Destek Programı ödemeleri bugün hesaplara yatırılıyorSüresi uzatılan Türkiye Aile Destek Programı'ndan ağustos ayında toplam 3,8 milyar liranın, bugün itibarıyla hesaplara yatırıldığı bildirildi.Giriş:09.08.2024 - 12:18Abone OlAATürkiyeAile Destek Programı, Cumhurbaşkanı Recep Tayyip Erdoğan'ın kararıyla bu yılın sonuna kadar uzatıldı.Türkiye Aile Destek Programı'na, düzenli sosyal yardımlardan yararlanan hanelerin yanı sıra herhangi bir dezavantajı olmadığı için düzenli sosyal yardım alamayan haneleri de yalnızca gelir kriteri üzerinden dahil edildi.Kimseyi geride bırakmayan bir sosyal hizmet anlayışıyla ihtiyaç sahiplerine yönelik sosyal yardımları sürdürülüyor.BU AYKİ ÖDEME TUTARI: 3,8 MİLYAR LİRAAile ve Sosyal Hizmetler Bakanı Mahinur Özdemir Göktaş, bu kapsamda ihtiyaç sahibi hanelere bu ay toplam 3,8 milyar lira ödeme yapacaklarını bildirdi.Bakan Göktaş,Türkiye Aile Destek Programı ödemelerinin bugün itibarıyla hesaplara yatırılmaya başlandığını duyurdu.""BUGÜNE KADAR TOPLAMDA 92,1 MİLYAR DİRA DESTEK SAĞLANDI""Türkiye Aile Destek Programı'nda bu ayki ödemeyle birlikte bugüne kadar hanelere toplam 92,1 milyar lira destek sağladıklarını ayrıca bu kapsamda hanelere her ay düzenli destek verdiklerini belirterek, şunları kaydetti:İhtiyaç sahibi hanelerimize yönelik hayata geçirdiğimiz desteğimizle onların yanında olmayı sürdürüyoruz. Türkiye Aile Destek Programı ödemelerini bugün itibarıyla hesaplara yatırıyoruz. Bu doğrultuda Aile Desteği Bileşeni kapsamında yaklaşık 3,2 milyon hanemize 2,9 milyar lira, Çocuk Desteği Bileşeni kapsamında yaklaşık 2,2 milyon hanemize 5,4 milyon çocuk için yaklaşık 900 milyon lira olmak üzere toplamda yaklaşık 3,8 milyar lira ödeme yapacağız.Haber Kaynağı: Anadolu Ajansı (AA)EtiketlerRecep Tayyip ErdoğanTürkiyeMahinur Özdemir Göktaş",positive,5,Turkish
Güven tazeledi! Bitcoin 60 bin dolar eşiğini geçti,https://www.ensonhaber.com/ekonomi/guven-tazeledi-bitcoin-60-bin-dolar-esigini-gecti,"HaberlerEkonomiGüven tazeledi! Bitcoin 60 bin dolar eşiğini geçtiGüven tazeledi! Bitcoin 60 bin dolar eşiğini geçtiKripto para piyasalarındaki çöküş yerini tekrar yükselişe bıraktı. ABD'den gelen veriler, Rusya'nın kripto varlıklara resmiyet kazandırması ve FTX'in müşterilerine para dağıtacak olması güven tazeledi.Giriş:09.08.2024 - 11:51Abone OlHaber MerkeziKripto paralar, bu haftanın başında yaşanan ""Kara Pazartesi""nden en fazla etkilenen varlıklar olarak göze çarptı.Yüzde 18 kayıpla 50 bin doların altına düşen yatırımcılarına panik yaşatanBitcoinise haftanın son gününe toparlanarak girdi.Kripto para piyasasında en fazla işlem gören para birimi olan Bitcoin, 60 bin 986,4 dolar olarak 61 bin lirayı zorlamaya başladı.BITCOIN'İN FİYATINI ARTIRAN ETMENLER-ABD’de işsizlik maaşı başvuruları beklentilerin altına kaldı. İşsizlik maaşı başvuruları, 233 bin olarak açıklandı.-ABD Merkez Barkası'nın (Fed) eylül ayında faiz indirimine gideceğine kesin gözü ile bakılıyor.-Moskova, kripto paraların uluslararası ödemelerde ve Forex işlemlerinde kullanılması yasal hale getirdi. Uygulama eylül ayından itibaren hayata geçecek.-ABD Emtia Vadeli İşlemler Komisyonu (CFTC), mahkemenin iflas eden kripto para borsası FTX'in, müşterilerine ve dolandırıcılık mağdurlarına 12,7 milyar dolar ödemesine karar verdiğini duyurdu.İlginizi ÇekebilirKripto para borsası FTX, müşterilerine 12,7 milyar dolar ödeyecekETHEREUM DA YÜKSELDİBitcoin fiyatlarındaki iyileşme Ethereum’a da yansıdı. Pazartesi günü 2 bin 110 dolara kadar gerileyenEthereumise 2 bin 672,36 dolara kadar yükseldi.İlginizi ÇekebilirRusya'nın uluslararası ödemelerinde kripto para kullanımına onayİlginizi ÇekebilirPiyasaları hareketlendirecek gelişme! Rusya’da kripto para madenciliği yasal hale geldiEtiketlerfiyatbitcoinethereum",positive,5,Turkish
Türkiye'de güneş enerjisinin kurulu gücü 16 bin megavatı aştı,https://www.ensonhaber.com/ekonomi/turkiyede-gunes-enerjisinin-kurulu-gucu-16-bin-megavati-asti,"HaberlerEkonomiTürkiye'de güneş enerjisinin kurulu gücü 16 bin megavatı aştıTürkiye'de güneş enerjisinin kurulu gücü 16 bin megavatı aştıEnerjide yenilenebilirin ön plana çıkması amaçlanıyor. Yenilenebilir enerji de de güneş ve rüzgarın payı giderek artıyor.Giriş:09.08.2024 - 11:30Abone OlAATürkiyeElektrik Anonim Şirketi'nin (TEİAŞ) verilerine göre Türkiye'nin güneş enerjisinde kurulu gücü, 7 Ağustos itibarıyla 16 bin megavatı geçerek toplam kurulu gücün yüzde 14'ünü oluşturdu.Türkiye'nin elektrik kurulu gücü 7 Ağustos'ta 111 bin 463 megavata, güneş enerjisi kurulu gücü ise 16 bin 4 megavata ulaştı.GÜNEŞ ENERJİSİNİN TOPLAM KURULU GÜÇ İÇİNDEKİ PAYI YÜZDE 14Böylece güneş enerjisinin toplam kurulu güç içindeki payı yüzde 14 olarak kayıtlara geçti.Güneş enerjisinde kurulu güç 78 şehre yayılan santrallerden oluşurken, 35 ilde 111 megavatlık kapasitenin üzerinde güneş santrali bulunuyor.Söz konusu kaynakta 2014'te 40 megavat olan kurulu güç, 10 yılda 16 bin megavatı aşarak büyümesini sürdürdü.AĞIRLIK, LİSANSSIZ SANTRALLERDEAğırlıklı olarak lisanssız santrallerin oluşturduğu güneş enerjisi kurulu gücü ""dağıtık"" yapısıyla öne çıkarken, Türkiye'nin 78 ilinde farklı ölçekte güneş enerjisi santrali bulunuyor.GÜNEŞİN ENERJİDEKİ YERİ GÜÇLENİYOREnerjiYatırımcıları Derneği (GÜYAD) Başkanı Cem Özkök, Türkiye'nin güneş enerjisi kurulu gücündeki yükseliş nedeniyle gurur duyduklarını belirterek şu bilgileri verdi:Şu anda ülke olarak toplam enerji kurulu gücümüzün, TEİAŞ verilerine göre 111 bin 463 megavat seviyesine ulaştığını görüyoruz. Bu veriler, hem toplam enerji gücümüzün hem de güneş enerjisi payının giderek arttığını ve güneşin enerjideki yerinin güçlendiğini gözler önüne seriyor.Haber Kaynağı: Anadolu Ajansı (AA)EtiketlerTürkiyeenerjiTEİAŞgüneş enerjisi",positive,5,Turkish
Fiyatları yükseldi! 9 Ağustos'ta gram ve çeyrek altın,https://www.ensonhaber.com/ekonomi/fiyatlari-yukseldi-9-agustosta-gram-ve-ceyrek-altin,"HaberlerEkonomiFiyatları yükseldi! 9 Ağustos'ta gram ve çeyrek altınFiyatları yükseldi! 9 Ağustos'ta gram ve çeyrek altınKüresel krizler ve ABD'de açıklanan ekonomik veriler, dünya ekonomisi üzerinde etkili olmaya devam ediyor. Piyasalar haftanın ilk gününe satış eğilimi ile başlamıştı, son iş gününde ise toparlanmalar yaşandı.Giriş:09.08.2024 - 10:41Abone OlAAABDMerkez Bankası'nın (Fed) eylül ayında yüzde 5,25-5,50 aralığında olan politika faizini düşürmesine garanti gözü ile bakılıyor.Dün ABD'de açıklanan işsizlik maaşı başvurularının azalması sonrasında resesyon endişeleri azaldı.Bu şartlarda Dolar/TL tarihi zirvelerini görmeye devam ediyor.DÖVİZ FİYATLARIDolar 33,5852 liradan, euro 36,7384 liranan ve sterlin ise 42,8592 liradan satılıyor.ONS ALTIN: 2 BİN 420 DOLAROns altının değeri güne 2 bin 420 dolarla devam ediyor.Yurt içindealtınfiyatları ise yükselişini sürdürdü.ALTIN FİYATLARIYurt içinde, İstanbul Kapalıçarşı'da serbest piyasada altın fiyatları şöyle:Gram altın: 2 bin 612 liraÇeyrek altın: 4 bin 430 liraCumhuriyet altını: 18 bin 54 liraTam altın: 17 bin 725 liraYarım altın: 8 bin 862 liraİlginizi ÇekebilirPiyasa tersine döndü: Ons altın azaldı Brent petrol arttıHaber Kaynağı: Anadolu Ajansı (AA)EtiketlerİstanbulABDAltınkapalıçarşıDolarfedEurodöviz",negative,5,Turkish
Borsa İstanbul güne yükselişle başladı,https://www.ensonhaber.com/ekonomi/borsa-istanbul-gune-yukselisle-basladi-82225,"HaberlerEkonomiBorsa İstanbul güne yükselişle başladıBorsa İstanbul güne yükselişle başladıBorsa İstanbul'da BIST 100 endeksi, önceki kapanışa göre güne 61,52 puan ve yüzde 0,61 yükselişle 10.160,02 puandan başladı.Giriş:09.08.2024 - 10:24Abone OlAAHafta başındaki küresel krizin etkisinde düşüşe geçen Borsa İstanbul'un hareketleri, piyasanın odağında bulunuyor.Dün yükseliş eğiliminde hareket eden Borsa İstanbul'da BIST 100 endeksi, günü önceki kapanışa göre yüzde 0,74 değer kazanarak 10.098,50 puandan tamamladı.Açılışta da BIST 100 endeksi, önceki kapanışa göre 61,52 puan ve yüzde 0,61 artışla 10.160,52 puana yükseldi.Bankacılık endeksi yüzde 0,77, holding endeksi yüzde 0,22 değer kazandı.SEKTÖR ENDEKSLERİ İÇİNDE EN FAZLA ORMAN KAĞIT BASIM KAZANDIRDISektör endeksleri arasında en fazla kazandıran yüzde 2,34 ile orman kağıt basım, en çok gerileyen yüzde 0,60 ile menkul kıymet yatırım ortaklığı oldu.KÜRESEL PİYASALAR POZİTİF SEYİRDEAnalistler, dün ABD'de açıklanan işsizlik maaşı başvurularının azalması sonrasında azalan resesyon endişeleriyle piyasalarda pozitif bir seyir izlendiğini belirtti.DESTEK VE DİRENÇ KONUMUAnalistler, teknik açıdan BIST 100 endeksinde 10.200 ve 10.300 puanın direnç, 9.800 ve 9.750 puanın destek konumunda olduğunu kaydetti.Haber Kaynağı: Anadolu Ajansı (AA)EtiketlerendeksBorsa İstanbul",positive,5,Turkish
"SON DAKİKA! Dış ticaret haddi haziranda 88,4 oldu",https://www.ensonhaber.com/ekonomi/son-dakika-dis-ticaret-haddi-haziranda-884-oldu,"HaberlerEkonomiSON DAKİKA! Dış ticaret haddi haziranda 88,4 olduSON DAKİKA! Dış ticaret haddi haziranda 88,4 olduTÜİK'in açıkladığı haziran ayına ilişkin dış ticaret endekslerine göre ihracat birim değer endeksi yüzde 0,6 geriledi.Giriş:09.08.2024 - 10:10Abone OlHaber MerkeziTürkiye İstatistik Kurumu(TÜİK), haziran ayına ilişkindış ticaretendekslerini açıkladı.Buna göre, ihracat birim değer endeksi yüzde 0,6 azaldı. İhracat miktar endeksi yüzde 8,0 azaldı. İthalat birim değer endeksi yüzde 1,4 arttı. İthalat miktar endeksi yüzde 5,7 azaldı.Mevsim ve takvim etkilerinden arındırılmış ihracat miktar endeksi yüzde 3 azaldı. Mevsim ve takvim etkilerinden arındırılmış ithalat miktar endeksi yüzde 3,9 arttı.DIŞ TİCARET HADDİ 2024 YILI HAZİRAN AYINDA 88,4 OLARAK GERÇEKLEŞTİİhracat birim değer endeksinin ithalat birim değer endeksine bölünmesiyle hesaplanan ve 2023 yılı Haziran ayında 90,2 olarak elde edilmiş olan dış ticaret haddi, 1,8 puan azalarak, 2024 yılı Haziran ayında 88,4 oldu.EtiketlerTürkiye İstatistik KurumuTÜİKdış ticaret",neutral,5,Turkish
SON DAKİKA! Haziran ayı sanayi üretim verileri açıklandı,https://www.ensonhaber.com/ekonomi/son-dakika-haziran-ayi-sanayi-uretim-verileri-aciklandi,"HaberlerEkonomiSON DAKİKA! Haziran ayı sanayi üretim verileri açıklandıSON DAKİKA! Haziran ayı sanayi üretim verileri açıklandıTÜİK, haziran ayı sanayi üretimi verisini açıkladı. Buna göre sanayi üretimi aylık yüzde 2,1 ve yıllık yüzde 4,7 azaldıGiriş:09.08.2024 - 10:02Abone OlHaber MerkeziSanayiüretimde yavaşlama yaşandı.Türkiye İstatistik Kurumu (TÜİK), haziran ayına ilişkin sanayi üretim verilerini paylaştı.Sanayi üretimi yıllık yüzde 4,7 azaldı.Sanayinin alt sektörleri incelendiğinde, 2024 yılı Haziran ayında madencilik ve taş ocakçılığı sektörü endeksi bir önceki yılın aynı ayına göre yüzde 8,6 arttı, imalat sanayi sektörü endeksi yüzde 6,9 azaldı ve elektrik, gaz, buhar ve iklimlendirme üretimi ve dağıtımı sektörü endeksi yüzde 15,2 arttı.SANAYİ ÜRETİMİ AYLIK YÜZDE 2,1 AZALDISanayinin alt sektörleri incelendiğinde, 2024 yılı Haziran ayında madencilik ve taş ocakçılığı sektörü endeksi bir önceki aya göre yüzde 1,8 arttı, imalat sanayi sektörü endeksi yüzde 3,1 azaldı ve elektrik, gaz, buhar ve iklimlendirme üretimi ve dağıtımı sektörü endeksi yüzde 7,8 arttı.EtiketlerTÜİKüretimsanayi",negative,5,Turkish
SGK uyardı: Biz GSS prim borçlarına ilişkin IBAN göndermiyoruz,https://www.ensonhaber.com/ekonomi/sgk-uyardi-biz-gss-prim-borclarina-iliskin-iban-gondermiyoruz,"HaberlerEkonomiSGK uyardı: Biz GSS prim borçlarına ilişkin IBAN göndermiyoruzSGK uyardı: Biz GSS prim borçlarına ilişkin IBAN göndermiyoruzSosyal Güvenlik Kurumu, vatandaşları Genel Sağlık Sigortası prim borçları için IBAN numarasına ödeme yapılmasına dair SMS'lere itibar etmemeleri konusunda uyardı.Giriş:09.08.2024 - 09:57Abone OlAADolandırıcılık yöntemlerine bir yenisi daha eklendi.Sosyal Güvenlik Kurumu'ndan (SGK) SMS gönderilmiş gibi yapılarak, vatandaşın Genel Sağlık Sigortası (GSS) prim borçlarının verdikleri IBAN numarasına ödenmesi isteniyor.SGK da GSS prim borçlarına ilişkin""yanıltıcı IBAN numaralı SMS'ler""hakkında uyarıda bulunarak kendilerinin IBAN göndermediklerini belirtti.VATANDAŞLARA ""BORCUNU ÖDE"" DİYE SAHTE SMS'LER GÖNDERİLİYORAçıklamada, son dönemde vatandaşlara,""Genel Sağlık Sigortası prim borcunun bulunduğu ve iletilen IBAN'a para yatırılarak, söz konusu borcun ödenebileceğine""dair SMS'ler iletildiğine ilişkin şikayetler geldiği belirtildi.GSS PRİM BORCULUNUN YASAL OLARAK ÖDENECEĞİ ADRESLERGSS prim borcu bulunan vatandaşların söz konusu prim borçlarını anlaşmalı bankalardan bankamatik, internet bankacılığı ile mobil bankacılık kanalı veya e-Devlet üzerinden yalnızca T.C. kimlik numaraları ile ödeyebildiği aktarılan açıklamada, herhangi bir IBAN numarasına para yatırmamaları gerektiği vurgulandı.SGK, GÖNDERDİĞİ TEBLİGAT VE SMS'LERDE IBAN BİLGİSİ VERMİYORSGK tarafından vatandaşlara ilgili kapsamlarda bilgilendirme amacıyla gönderilen tebligat ve SMS'ler içerisinde de herhangi bir IBAN numarasına yer verilmediğinin altı çizilerek şunlar kaydedildi:Buna göre vatandaşlarımızın kendilerine iletilen Genel Sağlık Sigortası borcunun bulunduğu ve mesajda yer alan IBAN numarasına söz konusu borcun yatırılmasına dair SMS'lere itibar etmemeleri gerekmektedir.Haber Kaynağı: Anadolu Ajansı (AA)EtiketlerbankaödemesigortaprimSGK",negative,5,Turkish
Piyasa tersine döndü: Ons altın azaldı Brent petrol arttı,https://www.ensonhaber.com/ekonomi/piyasa-tersine-dondu-ons-altin-azaldi-brent-petrol-artti,"HaberlerEkonomiPiyasa tersine döndü: Ons altın azaldı Brent petrol arttıPiyasa tersine döndü: Ons altın azaldı Brent petrol arttıOns altının değerinin arttığı Brent petrolün fiyatının düştüğü haftanın seyri, bugün tersine tersine döndü. Küresel piyasalar pozitifte ve dolar/TL yükselişte.Giriş:09.08.2024 - 09:37Abone OlAADolarendeksi yüzde 0,1 azalışla 103,2 seviyelerinde, altının ons fiyatı yüzde 0,3 azalışla 2 bin 421 dolar seviyelerinde, Brent petrolün varil fiyatı ise yüzde 0,3 artışla 78,9 dolar seviyelerinde seyrediyor.Küresel piyasalar, dün ABD'de açıklanan işsizlik maaşı başvurularının azalması sonrasında azalan resesyon endişeleriyle pozitif seyre döndü.FED'İN EYLÜLDE FAİZ İNDİRMESİ BEKLENİYORPara piyasalarındaki fiyatlamalarda ABD Merkez Bankası'nın (Fed) eylül ayında faiz indirimi yapmasına kesin gözüyle bakılıyor.Bu gelişmelerle yüzde 4'ün üzerini gören ABD 10 yıllık tahvil faizi bugün yüzde 3,98 seviyelerinde seyrediyor.BORSA İSTANBULYurt içinde dün alış ağırlıklı seyreden Borsa İstanbul'da BIST 100 endeksi, günü önceki kapanışa göre günü yüzde 0,74 değer kazanarak 10.098,50 puandan tamamladı.DOLAR/TLDolar/TL, dün yüzde 0,1 artışla 33,4914'ten kapanırken, bugün bankalararası piyasanın açılışında yüzde 0,2 yükselişle 33,5540 seviyesinden işlem görüyor.Haber Kaynağı: Anadolu Ajansı (AA)EtiketlerDolarPiyasaBorsa İstanbulons altınBrent Petrol",positive,5,Turkish
